label,toplam_kelime,cumle_uzunlugu,kelime_cesitliligi,virgul_orani,baglac_orani,pasif_orani
0,215.0261096605744,19.64163280976572,0.6900554927197892,0.060157354326317615,0.045099503960425634,0.02235134483767719
1,164.91906005221932,18.10267382348236,0.7527587883435932,0.08941566890288742,0.05622707417554562,0.010040564912682175
