ozellik,test_accuracy,coefficient
toplam_kelime,0.7259380097879282,-0.026488673054764288
cumle_uzunlugu,0.5269168026101142,-0.07787017520412441
kelime_cesitliligi,0.6949429037520392,10.090476810302238
virgul_orani,0.7569331158238173,11.64298137401082
baglac_orani,0.6721044045676998,5.677105768215399
pasif_orani,0.6949429037520392,-6.393790928798578
